#evend_id,deadline,address,"write (hex, little-end)"
I2C_EXPS_EVENT_SEND_COMMAND,0,0x56,0x0000315852545450
I2C_EXPS_EVENT_SEND_COMMAND,-10,0x56,0x0000000000002086
I2C_EXPS_EVENT_SEND_COMMAND,-10,0x56,0x0000000000000345
I2C_EXPS_EVENT_SEND_COMMAND,-10,0x56,0x00000f0000000086
I2C_EXPS_EVENT_SEND_COMMAND,-10,0x56,0x0000000000000d96
I2C_EXPS_EVENT_SEND_COMMAND,-50,0x56,0x0000000000000041
I2C_EXPS_EVENT_SEND_COMMAND,-60,0x56,0x0000000000000296
I2C_EXPS_EVENT_SEND_COMMAND,-100,0x56,0x0000000000000041
I2C_EXPS_EVENT_SEND_COMMAND,-340,0x56,0x0000000000000041
I2C_EXPS_EVENT_SEND_COMMAND,-340,0x56,0x0000000031504c50
I2C_EXPS_EVENT_SEND_COMMAND,-350,0x56,0x0000000000002086
I2C_EXPS_EVENT_SEND_COMMAND,-350,0x56,0x0000000000000345
I2C_EXPS_EVENT_SEND_COMMAND,-350,0x56,0x00000f0000000086
I2C_EXPS_EVENT_SEND_COMMAND,-350,0x56,0x0000000000000d96
I2C_EXPS_EVENT_SEND_COMMAND,-390,0x56,0x0000000000000041
I2C_EXPS_EVENT_SEND_COMMAND,-400,0x56,0x0000000000000496
I2C_EXPS_EVENT_SEND_COMMAND,-440,0x56,0x0000000000000041
I2C_EXPS_EVENT_SEND_COMMAND,-680,0x56,0x0000000000000041
I2C_EXPS_EVENT_SEND_COMMAND,-680,0x56,0x0000000032504c50
I2C_EXPS_EVENT_SEND_COMMAND,-690,0x56,0x0000000000002086
I2C_EXPS_EVENT_SEND_COMMAND,-690,0x56,0x0000000000000345
I2C_EXPS_EVENT_SEND_COMMAND,-690,0x56,0x0000000000000186
I2C_EXPS_EVENT_SEND_COMMAND,-690,0x56,0x0000000000008096
I2C_EXPS_EVENT_SEND_COMMAND,-730,0x56,0x0000000000000041
I2C_EXPS_EVENT_SEND_COMMAND,-740,0x56,0x0000000000000596
I2C_EXPS_EVENT_SEND_COMMAND,-980,0x56,0x0000000000000041
I2C_EXPS_EVENT_SEND_COMMAND,-980,0x56,0x0000000033504c50
I2C_EXPS_EVENT_SEND_COMMAND,-990,0x56,0x0000000000002086
I2C_EXPS_EVENT_SEND_COMMAND,-990,0x56,0x0000000000000345
I2C_EXPS_EVENT_SEND_COMMAND,-990,0x56,0x00000f0000000086
I2C_EXPS_EVENT_SEND_COMMAND,-990,0x56,0x0000000000000d96
I2C_EXPS_EVENT_SEND_COMMAND,-1030,0x56,0x0000000000000041
I2C_EXPS_EVENT_SEND_COMMAND,-1040,0x56,0x0000000000000696
I2C_EXPS_EVENT_SEND_COMMAND,-1080,0x56,0x0000000000000041
I2C_EXPS_EVENT_SEND_COMMAND,-1320,0x56,0x0000000000000041
I2C_EXPS_EVENT_SEND_COMMAND,-1320,0x56,0x0000000034504c50
I2C_EXPS_EVENT_SEND_COMMAND,-1330,0x56,0x0000000000002086
I2C_EXPS_EVENT_SEND_COMMAND,-1330,0x56,0x0000000000000345
I2C_EXPS_EVENT_SEND_COMMAND,-1330,0x56,0x00000f0000000086
I2C_EXPS_EVENT_SEND_COMMAND,-1330,0x56,0x0000000000000d96
I2C_EXPS_EVENT_SEND_COMMAND,-1370,0x56,0x0000000000000041
I2C_EXPS_EVENT_SEND_COMMAND,-1380,0x56,0x0000000000000796
I2C_EXPS_EVENT_SEND_COMMAND,-1420,0x56,0x0000000000000041
I2C_EXPS_EVENT_SEND_COMMAND,-1660,0x56,0x0000000000000041
I2C_EXPS_EVENT_SEND_COMMAND,-1660,0x56,0x0000000035504c50
I2C_EXPS_EVENT_SEND_COMMAND,-1670,0x56,0x0000000000002086
I2C_EXPS_EVENT_SEND_COMMAND,-1670,0x56,0x0000000000000345
I2C_EXPS_EVENT_SEND_COMMAND,-1670,0x56,0x0000000000000186
I2C_EXPS_EVENT_SEND_COMMAND,-1670,0x56,0x0000000000008096
I2C_EXPS_EVENT_SEND_COMMAND,-1720,0x56,0x0000000000000041
I2C_EXPS_EVENT_SEND_COMMAND,-1740,0x56,0x0000000000000052
I2C_EXPS_EVENT_SEND_COMMAND,-1780,0x56,0x0000000000000286
I2C_EXPS_EVENT_SEND_COMMAND,-1780,0x56,0x0000000000000845
I2C_EXPS_EVENT_SEND_COMMAND,-2020,0x56,0x0000000000000052
I2C_EXPS_EVENT_SEND_COMMAND,-2060,0x56,0x0000004252545050
I2C_EXPS_EVENT_SEND_COMMAND,-2300,0x56,0x0000000000000041
I2C_EXPS_EVENT_SEND_COMMAND,-2300,0x56,0x0000000036504c50
I2C_EXPS_EVENT_SEND_COMMAND,-2310,0x56,0x0000000000002086
I2C_EXPS_EVENT_SEND_COMMAND,-2310,0x56,0x0000000000000345
I2C_EXPS_EVENT_SEND_COMMAND,-2310,0x56,0x00000f0000000086
I2C_EXPS_EVENT_SEND_COMMAND,-2310,0x56,0x0000000000000d96
I2C_EXPS_EVENT_SEND_COMMAND,-2360,0x56,0x0000000000000041
I2C_EXPS_EVENT_SEND_COMMAND,-2380,0x56,0x0000000000000052
I2C_EXPS_EVENT_SEND_COMMAND,-2420,0x56,0x0000000000000945
I2C_EXPS_EVENT_SEND_COMMAND,-2660,0x56,0x0000000000000052
I2C_EXPS_EVENT_SEND_COMMAND,-2700,0x56,0x0000004252545050
I2C_EXPS_EVENT_SEND_COMMAND,-2740,0x56,0x0000000000000041
I2C_EXPS_EVENT_SEND_COMMAND,-2980,0x56,0x0000000000000041
I2C_EXPS_EVENT_SEND_COMMAND,-2980,0x56,0x0000000037504c50
I2C_EXPS_EVENT_SEND_COMMAND,-2990,0x56,0x0000000000002086
I2C_EXPS_EVENT_SEND_COMMAND,-2990,0x56,0x0000000000000345
I2C_EXPS_EVENT_SEND_COMMAND,-2990,0x56,0x00000f0000000086
I2C_EXPS_EVENT_SEND_COMMAND,-2990,0x56,0x0000000000000d96
I2C_EXPS_EVENT_SEND_COMMAND,-3030,0x56,0x0000000000000041
I2C_EXPS_EVENT_SEND_COMMAND,-3040,0x56,0x0000000000000a96
I2C_EXPS_EVENT_SEND_COMMAND,-3080,0x56,0x0000000000000041
I2C_EXPS_EVENT_SEND_COMMAND,-3320,0x56,0x0000000000000041
I2C_EXPS_EVENT_SEND_COMMAND,-3320,0x56,0x0000000038504c50
I2C_EXPS_EVENT_SEND_COMMAND,-3330,0x56,0x0000000000002086
I2C_EXPS_EVENT_SEND_COMMAND,-3330,0x56,0x0000000000000345
I2C_EXPS_EVENT_SEND_COMMAND,-3330,0x56,0x0000000000000186
I2C_EXPS_EVENT_SEND_COMMAND,-3330,0x56,0x0000000000008096
I2C_EXPS_EVENT_SEND_COMMAND,-3370,0x56,0x0000000000000041
I2C_EXPS_EVENT_SEND_COMMAND,-3380,0x56,0x0000000000000b96
I2C_EXPS_EVENT_SEND_COMMAND,-3620,0x56,0x0000000000000041
I2C_EXPS_EVENT_SEND_COMMAND,-3620,0x56,0x0000000039504c50
I2C_EXPS_EVENT_SEND_COMMAND,-3630,0x56,0x0000000000002086
I2C_EXPS_EVENT_SEND_COMMAND,-3630,0x56,0x0000000000000345
I2C_EXPS_EVENT_SEND_COMMAND,-3630,0x56,0x00000f0000000086
I2C_EXPS_EVENT_SEND_COMMAND,-3630,0x56,0x0000000000000d96
I2C_EXPS_EVENT_SEND_COMMAND,-3680,0x56,0x0000000000000041
I2C_EXPS_EVENT_SEND_COMMAND,-3700,0x56,0x0000000000000052
I2C_EXPS_EVENT_SEND_COMMAND,-3740,0x56,0x0000000000000c45
I2C_EXPS_EVENT_SEND_COMMAND,-3780,0x56,0x0000000000000041
I2C_EXPS_EVENT_SEND_COMMAND,-4020,0x56,0x0000000000000041
I2C_EXPS_EVENT_SEND_COMMAND,-4020,0x56,0x0000003031504c50
I2C_EXPS_EVENT_SEND_COMMAND,-4030,0x56,0x0000000000002086
I2C_EXPS_EVENT_SEND_COMMAND,-4030,0x56,0x0000000000000345
I2C_EXPS_EVENT_SEND_COMMAND,-4030,0x56,0x00000f0000000086
I2C_EXPS_EVENT_SEND_COMMAND,-4030,0x56,0x0000000000000d96
I2C_EXPS_EVENT_SEND_COMMAND,-4070,0x56,0x0000000000000041
I2C_EXPS_EVENT_SEND_COMMAND,-4080,0x56,0x0000000000000e96
I2C_EXPS_EVENT_SEND_COMMAND,-4120,0x56,0x0000000000000041
I2C_EXPS_EVENT_SEND_COMMAND,-4360,0x56,0x0000000000000041
I2C_EXPS_EVENT_SEND_COMMAND,-4360,0x56,0x0000003131504c50
I2C_EXPS_EVENT_SEND_COMMAND,-4370,0x56,0x0000000000002086
I2C_EXPS_EVENT_SEND_COMMAND,-4370,0x56,0x0000000000000345
I2C_EXPS_EVENT_SEND_COMMAND,-4370,0x56,0x0000000000000186
I2C_EXPS_EVENT_SEND_COMMAND,-4370,0x56,0x0000000000008096
I2C_EXPS_EVENT_SEND_COMMAND,-4410,0x56,0x0000000000000041
I2C_EXPS_EVENT_SEND_COMMAND,-4420,0x56,0x0000000000000f96
I2C_EXPS_EVENT_SEND_COMMAND,-4660,0x56,0x0000000000000041
I2C_EXPS_EVENT_SEND_COMMAND,-4660,0x56,0x0000003231504c50
I2C_EXPS_EVENT_SEND_COMMAND,-4670,0x56,0x0000000000002086
I2C_EXPS_EVENT_SEND_COMMAND,-4670,0x56,0x0000000000000345
I2C_EXPS_EVENT_SEND_COMMAND,-4670,0x56,0x00000f0000000086
I2C_EXPS_EVENT_SEND_COMMAND,-4670,0x56,0x0000000000000d96
I2C_EXPS_EVENT_SEND_COMMAND,-4710,0x56,0x0000000000000041
I2C_EXPS_EVENT_SEND_COMMAND,-4720,0x56,0x0000000000001096
I2C_EXPS_EVENT_SEND_COMMAND,-4760,0x56,0x0000000000000041
I2C_EXPS_EVENT_SEND_COMMAND,-5000,0x56,0x0000000000000041
I2C_EXPS_EVENT_SEND_COMMAND,-5000,0x56,0x0000003331504c50
I2C_EXPS_EVENT_SEND_COMMAND,-5010,0x56,0x0000000000002086
I2C_EXPS_EVENT_SEND_COMMAND,-5010,0x56,0x0000000000000345
I2C_EXPS_EVENT_SEND_COMMAND,-5010,0x56,0x00000f0000000086
I2C_EXPS_EVENT_SEND_COMMAND,-5010,0x56,0x0000000000000d96
I2C_EXPS_EVENT_SEND_COMMAND,-5050,0x56,0x0000000000000041
I2C_EXPS_EVENT_SEND_COMMAND,-5060,0x56,0x0000000000001196
I2C_EXPS_EVENT_SEND_COMMAND,-5100,0x56,0x0000000000000041
I2C_EXPS_EVENT_SEND_COMMAND,-5340,0x56,0x0000000000000041
I2C_EXPS_EVENT_SEND_COMMAND,-5340,0x56,0x0000003431504c50
I2C_EXPS_EVENT_SEND_COMMAND,-5350,0x56,0x0000000000002086
I2C_EXPS_EVENT_SEND_COMMAND,-5350,0x56,0x0000000000000345
I2C_EXPS_EVENT_SEND_COMMAND,-5350,0x56,0x0000000000000186
I2C_EXPS_EVENT_SEND_COMMAND,-5350,0x56,0x0000000000008096
I2C_EXPS_EVENT_SEND_COMMAND,-5390,0x56,0x0000000000000041
I2C_EXPS_EVENT_SEND_COMMAND,-5400,0x56,0x0000000000001296
I2C_EXPS_EVENT_SEND_COMMAND,-5640,0x56,0x0000000000000041
I2C_EXPS_EVENT_SEND_COMMAND,-5640,0x56,0x0000003531504c50
I2C_EXPS_EVENT_SEND_COMMAND,-5650,0x56,0x0000325852545450
I2C_EXPS_EVENT_SEND_COMMAND,-5660,0x56,0x0000000000002086
I2C_EXPS_EVENT_SEND_COMMAND,-5660,0x56,0x0000000000000345
I2C_EXPS_EVENT_SEND_COMMAND,-5660,0x56,0x00000f0000000086
I2C_EXPS_EVENT_SEND_COMMAND,-5660,0x56,0x0000000000000d96
I2C_EXPS_EVENT_SEND_COMMAND,-5700,0x56,0x0000000000000041
I2C_EXPS_EVENT_SEND_COMMAND,-5710,0x56,0x0000000000000296
I2C_EXPS_EVENT_SEND_COMMAND,-5750,0x56,0x0000000000000041
I2C_EXPS_EVENT_SEND_COMMAND,-5990,0x56,0x0000000000000041
I2C_EXPS_EVENT_SEND_COMMAND,-5990,0x56,0x0000003631504c50
I2C_EXPS_EVENT_SEND_COMMAND,-6000,0x56,0x0000000000002086
I2C_EXPS_EVENT_SEND_COMMAND,-6000,0x56,0x0000000000000345
I2C_EXPS_EVENT_SEND_COMMAND,-6000,0x56,0x00000f0000000086
I2C_EXPS_EVENT_SEND_COMMAND,-6000,0x56,0x0000000000000d96
I2C_EXPS_EVENT_SEND_COMMAND,-6040,0x56,0x0000000000000041
I2C_EXPS_EVENT_SEND_COMMAND,-6050,0x56,0x0000000000000496
I2C_EXPS_EVENT_SEND_COMMAND,-6090,0x56,0x0000000000000041
I2C_EXPS_EVENT_SEND_COMMAND,-6330,0x56,0x0000000000000041
I2C_EXPS_EVENT_SEND_COMMAND,-6330,0x56,0x0000003731504c50
I2C_EXPS_EVENT_SEND_COMMAND,-6340,0x56,0x0000000000002086
I2C_EXPS_EVENT_SEND_COMMAND,-6340,0x56,0x0000000000000345
I2C_EXPS_EVENT_SEND_COMMAND,-6340,0x56,0x0000000000000186
I2C_EXPS_EVENT_SEND_COMMAND,-6340,0x56,0x0000000000008096
I2C_EXPS_EVENT_SEND_COMMAND,-6380,0x56,0x0000000000000041
I2C_EXPS_EVENT_SEND_COMMAND,-6390,0x56,0x0000000000000596
I2C_EXPS_EVENT_SEND_COMMAND,-6630,0x56,0x0000000000000041
I2C_EXPS_EVENT_SEND_COMMAND,-6630,0x56,0x0000003831504c50
I2C_EXPS_EVENT_SEND_COMMAND,-6640,0x56,0x0000000000002086
I2C_EXPS_EVENT_SEND_COMMAND,-6640,0x56,0x0000000000000345
I2C_EXPS_EVENT_SEND_COMMAND,-6640,0x56,0x00000f0000000086
I2C_EXPS_EVENT_SEND_COMMAND,-6640,0x56,0x0000000000000d96
I2C_EXPS_EVENT_SEND_COMMAND,-6680,0x56,0x0000000000000041
I2C_EXPS_EVENT_SEND_COMMAND,-6690,0x56,0x0000000000000696
I2C_EXPS_EVENT_SEND_COMMAND,-6730,0x56,0x0000000000000041
I2C_EXPS_EVENT_SEND_COMMAND,-6970,0x56,0x0000000000000041
I2C_EXPS_EVENT_SEND_COMMAND,-6970,0x56,0x0000003931504c50
I2C_EXPS_EVENT_SEND_COMMAND,-6980,0x56,0x0000000000002086
I2C_EXPS_EVENT_SEND_COMMAND,-6980,0x56,0x0000000000000345
I2C_EXPS_EVENT_SEND_COMMAND,-6980,0x56,0x00000f0000000086
I2C_EXPS_EVENT_SEND_COMMAND,-6980,0x56,0x0000000000000d96
I2C_EXPS_EVENT_SEND_COMMAND,-7020,0x56,0x0000000000000041
I2C_EXPS_EVENT_SEND_COMMAND,-7030,0x56,0x0000000000000796
I2C_EXPS_EVENT_SEND_COMMAND,-7070,0x56,0x0000000000000041
I2C_EXPS_EVENT_SEND_COMMAND,-7310,0x56,0x0000000000000041
I2C_EXPS_EVENT_SEND_COMMAND,-7310,0x56,0x0000003032504c50
I2C_EXPS_EVENT_SEND_COMMAND,-7320,0x56,0x0000000000002086
I2C_EXPS_EVENT_SEND_COMMAND,-7320,0x56,0x0000000000000345
I2C_EXPS_EVENT_SEND_COMMAND,-7320,0x56,0x0000000000000186
I2C_EXPS_EVENT_SEND_COMMAND,-7320,0x56,0x0000000000008096
I2C_EXPS_EVENT_SEND_COMMAND,-7370,0x56,0x0000000000000041
I2C_EXPS_EVENT_SEND_COMMAND,-7390,0x56,0x0000000000000052
I2C_EXPS_EVENT_SEND_COMMAND,-7430,0x56,0x0000000000000286
I2C_EXPS_EVENT_SEND_COMMAND,-7430,0x56,0x0000000000000845
I2C_EXPS_EVENT_SEND_COMMAND,-7670,0x56,0x0000000000000052
I2C_EXPS_EVENT_SEND_COMMAND,-7710,0x56,0x0000004252545050
I2C_EXPS_EVENT_SEND_COMMAND,-7950,0x56,0x0000000000000041
I2C_EXPS_EVENT_SEND_COMMAND,-7950,0x56,0x0000003132504c50
I2C_EXPS_EVENT_SEND_COMMAND,-7960,0x56,0x0000000000002086
I2C_EXPS_EVENT_SEND_COMMAND,-7960,0x56,0x0000000000000345
I2C_EXPS_EVENT_SEND_COMMAND,-7960,0x56,0x00000f0000000086
I2C_EXPS_EVENT_SEND_COMMAND,-7960,0x56,0x0000000000000d96
I2C_EXPS_EVENT_SEND_COMMAND,-8010,0x56,0x0000000000000041
I2C_EXPS_EVENT_SEND_COMMAND,-8030,0x56,0x0000000000000052
I2C_EXPS_EVENT_SEND_COMMAND,-8070,0x56,0x0000000000000945
I2C_EXPS_EVENT_SEND_COMMAND,-8310,0x56,0x0000000000000052
I2C_EXPS_EVENT_SEND_COMMAND,-8350,0x56,0x0000004252545050
I2C_EXPS_EVENT_SEND_COMMAND,-8390,0x56,0x0000000000000041
I2C_EXPS_EVENT_SEND_COMMAND,-8630,0x56,0x0000000000000041
I2C_EXPS_EVENT_SEND_COMMAND,-8630,0x56,0x0000003232504c50
I2C_EXPS_EVENT_SEND_COMMAND,-8640,0x56,0x0000000000002086
I2C_EXPS_EVENT_SEND_COMMAND,-8640,0x56,0x0000000000000345
I2C_EXPS_EVENT_SEND_COMMAND,-8640,0x56,0x00000f0000000086
I2C_EXPS_EVENT_SEND_COMMAND,-8640,0x56,0x0000000000000d96
I2C_EXPS_EVENT_SEND_COMMAND,-8680,0x56,0x0000000000000041
I2C_EXPS_EVENT_SEND_COMMAND,-8690,0x56,0x0000000000000a96
I2C_EXPS_EVENT_SEND_COMMAND,-8730,0x56,0x0000000000000041
I2C_EXPS_EVENT_SEND_COMMAND,-8970,0x56,0x0000000000000041
I2C_EXPS_EVENT_SEND_COMMAND,-8970,0x56,0x0000003332504c50
I2C_EXPS_EVENT_SEND_COMMAND,-8980,0x56,0x0000000000002086
I2C_EXPS_EVENT_SEND_COMMAND,-8980,0x56,0x0000000000000345
I2C_EXPS_EVENT_SEND_COMMAND,-8980,0x56,0x0000000000000186
I2C_EXPS_EVENT_SEND_COMMAND,-8980,0x56,0x0000000000008096
I2C_EXPS_EVENT_SEND_COMMAND,-9020,0x56,0x0000000000000041
I2C_EXPS_EVENT_SEND_COMMAND,-9030,0x56,0x0000000000000b96
I2C_EXPS_EVENT_SEND_COMMAND,-9270,0x56,0x0000000000000041
I2C_EXPS_EVENT_SEND_COMMAND,-9270,0x56,0x0000003432504c50
I2C_EXPS_EVENT_SEND_COMMAND,-9280,0x56,0x0000000000002086
I2C_EXPS_EVENT_SEND_COMMAND,-9280,0x56,0x0000000000000345
I2C_EXPS_EVENT_SEND_COMMAND,-9280,0x56,0x00000f0000000086
I2C_EXPS_EVENT_SEND_COMMAND,-9280,0x56,0x0000000000000d96
I2C_EXPS_EVENT_SEND_COMMAND,-9330,0x56,0x0000000000000041
I2C_EXPS_EVENT_SEND_COMMAND,-9350,0x56,0x0000000000000052
I2C_EXPS_EVENT_SEND_COMMAND,-9390,0x56,0x0000000000000c45
I2C_EXPS_EVENT_SEND_COMMAND,-9430,0x56,0x0000000000000041
I2C_EXPS_EVENT_SEND_COMMAND,-9670,0x56,0x0000000000000041
I2C_EXPS_EVENT_SEND_COMMAND,-9670,0x56,0x0000003532504c50
I2C_EXPS_EVENT_SEND_COMMAND,-9680,0x56,0x0000000000002086
I2C_EXPS_EVENT_SEND_COMMAND,-9680,0x56,0x0000000000000345
I2C_EXPS_EVENT_SEND_COMMAND,-9680,0x56,0x00000f0000000086
I2C_EXPS_EVENT_SEND_COMMAND,-9680,0x56,0x0000000000000d96
I2C_EXPS_EVENT_SEND_COMMAND,-9720,0x56,0x0000000000000041
I2C_EXPS_EVENT_SEND_COMMAND,-9730,0x56,0x0000000000000e96
I2C_EXPS_EVENT_SEND_COMMAND,-9770,0x56,0x0000000000000041
I2C_EXPS_EVENT_SEND_COMMAND,-10010,0x56,0x0000000000000041
I2C_EXPS_EVENT_SEND_COMMAND,-10010,0x56,0x0000003632504c50
I2C_EXPS_EVENT_SEND_COMMAND,-10020,0x56,0x0000000000002086
I2C_EXPS_EVENT_SEND_COMMAND,-10020,0x56,0x0000000000000345
I2C_EXPS_EVENT_SEND_COMMAND,-10020,0x56,0x0000000000000186
I2C_EXPS_EVENT_SEND_COMMAND,-10020,0x56,0x0000000000008096
I2C_EXPS_EVENT_SEND_COMMAND,-10060,0x56,0x0000000000000041
I2C_EXPS_EVENT_SEND_COMMAND,-10070,0x56,0x0000000000000f96
I2C_EXPS_EVENT_SEND_COMMAND,-10310,0x56,0x0000000000000041
I2C_EXPS_EVENT_SEND_COMMAND,-10310,0x56,0x0000003732504c50
I2C_EXPS_EVENT_SEND_COMMAND,-10320,0x56,0x0000000000002086
I2C_EXPS_EVENT_SEND_COMMAND,-10320,0x56,0x0000000000000345
I2C_EXPS_EVENT_SEND_COMMAND,-10320,0x56,0x00000f0000000086
I2C_EXPS_EVENT_SEND_COMMAND,-10320,0x56,0x0000000000000d96
I2C_EXPS_EVENT_SEND_COMMAND,-10360,0x56,0x0000000000000041
I2C_EXPS_EVENT_SEND_COMMAND,-10370,0x56,0x0000000000001096
I2C_EXPS_EVENT_SEND_COMMAND,-10410,0x56,0x0000000000000041
I2C_EXPS_EVENT_SEND_COMMAND,-10650,0x56,0x0000000000000041
I2C_EXPS_EVENT_SEND_COMMAND,-10650,0x56,0x0000003832504c50
I2C_EXPS_EVENT_SEND_COMMAND,-10660,0x56,0x0000000000002086
I2C_EXPS_EVENT_SEND_COMMAND,-10660,0x56,0x0000000000000345
I2C_EXPS_EVENT_SEND_COMMAND,-10660,0x56,0x00000f0000000086
I2C_EXPS_EVENT_SEND_COMMAND,-10660,0x56,0x0000000000000d96
I2C_EXPS_EVENT_SEND_COMMAND,-10700,0x56,0x0000000000000041
I2C_EXPS_EVENT_SEND_COMMAND,-10710,0x56,0x0000000000001196
I2C_EXPS_EVENT_SEND_COMMAND,-10750,0x56,0x0000000000000041
I2C_EXPS_EVENT_SEND_COMMAND,-10990,0x56,0x0000000000000041
